{"stats":{"minecraft:used":{"minecraft:wooden_axe":31,"minecraft:birch_planks":18,"minecraft:oak_planks":40,"minecraft:crafting_table":1,"tombstone:gift":2},"minecraft:picked_up":{"minecraft:birch_log":5,"minecraft:stick":9,"minecraft:birch_planks":2,"minecraft:oak_log":44,"silentgear:sinew":3,"minecraft:rotten_flesh":2,"croptopia:persimmon":2,"mysticalagriculture:inferium_essence":2,"minecraft:oak_sapling":7,"minecraft:mutton":5,"minecraft:oak_planks":4,"minecraft:white_wool":4},"minecraft:killed":{"minecraft:sheep":4,"minecraft:zombie":1},"minecraft:killed_by":{"born_in_chaos_v1:decaying_zombie_not_despawn":1,"blue_skies:gatekeeper":1,"born_in_chaos_v1:zombie_lumberjack":1},"minecraft:custom":{"minecraft:time_since_rest":1,"minecraft:waystone_activated":1,"lootr:looted_stat":9,"minecraft:sprint_one_cm":77192,"minecraft:damage_taken":829,"minecraft:walk_one_cm":70851,"minecraft:mob_kills":5,"minecraft:drop":10,"minecraft:damage_dealt":733,"minecraft:swim_one_cm":8617,"minecraft:interact_with_crafting_table":6,"minecraft:fly_one_cm":58408,"minecraft:play_time":21467,"tombstone:undead_killed":1,"minecraft:deaths":3,"minecraft:sneak_time":40,"minecraft:walk_under_water_one_cm":2579,"minecraft:jump":298,"minecraft:leave_game":3,"minecraft:time_since_death":412,"minecraft:walk_on_water_one_cm":7018,"minecraft:total_world_time":30396,"minecraft:fall_one_cm":4085},"minecraft:crafted":{"minecraft:oak_planks":88,"minecraft:crafting_table":1,"quark:oak_chest":1,"minecraft:wooden_axe":1,"minecraft:chest":1,"minecraft:white_bed":1,"minecraft:birch_planks":20},"minecraft:mined":{"minecraft:birch_planks":1,"minecraft:birch_log":5,"minecraft:fire":2,"minecraft:lilac":1,"minecraft:grass":2,"minecraft:oak_log":44,"minecraft:oak_planks":3,"minecraft:oak_leaves":4},"minecraft:dropped":{"byg:biomepedia":1,"ars_nouveau:worn_notebook":1,"minecraft:birch_planks":1,"alexsmobs:animal_dictionary":1,"tombstone:grave_key":2,"minecraft:oak_planks":1,"silentgear:blueprint_package":1,"patchouli:guide_book":2}},"DataVersion":3120}